{
    "0, 0": 421.3956630558095,
    "0, 1": 431.36791004571467,
    "0, 2": 441.2236540383006,
    "0, 3": 450.82903844801996,
    "0, 4": 460.06191598512976,
    "0, 5": 468.8541133461887,
    "0, 6": 477.19255729622273,
    "0, 7": 485.0964133313607,
    "0, 8": 492.9597529888924,
    "0, 9": 500.455659089523,
    "0, 10": 507.8678459122496,
    "0, 11": 514.9736348535371,
    "0, 12": 521.7310326559949,
    "0, 13": 528.331580029359,
    "0, 14": 534.7258245459482,
    "0, 15": 540.8164459970658,
    "0, 16": 546.623346931071,
    "0, 17": 552.1632773922297,
    "0, 18": 557.5887490864825,
    "0, 19": 562.7966285829239,
    "0, 20": 567.7514393386876,
    "1, 0": 431.2696125903566,
    "1, 1": 441.2418382211115,
    "1, 2": 451.0973361911026,
    "1, 3": 460.7019461991182,
    "1, 4": 469.9333526456302,
    "1, 5": 478.7234277999147,
    "1, 6": 487.0592587057568,
    "1, 7": 494.96014782126196,
    "1, 8": 502.4560525393473,
    "1, 9": 509.8682338492579,
    "1, 10": 516.9740214595544,
    "1, 11": 523.7314181133567,
    "1, 12": 530.3318968557525,
    "1, 13": 536.7261405720028,
    "1, 14": 542.816761408462,
    "1, 15": 548.6236619930365,
    "1, 16": 554.1635924758804,
    "1, 17": 559.588963807798,
    "1, 18": 564.7968435953502,
    "1, 19": 569.7516549103308,
    "1, 20": 574.4444835486338,
    "2, 0": 440.74369858122634,
    "2, 1": 450.7156433094053,
    "2, 2": 460.5696689352167,
    "2, 3": 470.1704286011837,
    "2, 4": 479.39493779761716,
    "2, 5": 488.17527982510626,
    "2, 6": 496.4993093454465,
    "2, 7": 504.38706109777763,
    "2, 8": 511.8688010225568,
    "2, 9": 518.9745868086535,
    "2, 10": 525.7319821056832,
    "2, 11": 532.3324053751685,
    "2, 12": 538.7266483148622,
    "2, 13": 544.8172688262508,
    "2, 14": 550.6241696301737,
    "2, 15": 556.1641009771605,
    "2, 16": 561.589355301503,
    "2, 17": 566.7972363397356,
    "2, 18": 571.7520494481263,
    "2, 19": 576.4448804674275,
    "2, 20": 580.840955785488,
    "3, 0": 449.567564427795,
    "3, 1": 459.53872963525237,
    "3, 2": 469.3889067850034,
    "3, 3": 478.9798432188954,
    "3, 4": 488.186943648443,
    "3, 5": 496.9429178138648,
    "3, 6": 505.23773981033355,
    "3, 7": 513.0935847600174,
    "3, 8": 520.5418722761467,
    "3, 9": 527.6126933361652,
    "3, 10": 534.3329699581859,
    "3, 11": 540.7272125478253,
    "3, 12": 546.8178333965391,
    "3, 13": 552.6247352601581,
    "3, 14": 558.164668405191,
    "3, 15": 563.5898540427343,
    "3, 16": 568.7977375076725,
    "3, 17": 573.7525538206557,
    "3, 18": 578.4453888656442,
    "3, 19": 582.841469005894,
    "3, 20": 586.9545495242876,
    "4, 0": 457.65866383799414,
    "4, 1": 467.6283779584863,
    "4, 2": 477.471409168781,
    "4, 3": 487.04413384415994,
    "4, 4": 496.21902419581863,
    "4, 5": 504.93009953998074,
    "4, 6": 513.1715666577044,
    "4, 7": 520.9700450900732,
    "4, 8": 528.3596969260863,
    "4, 9": 535.3713039243418,
    "4, 10": 542.0311237119961,
    "4, 11": 548.362557854034,
    "4, 12": 554.3870958793149,
    "4, 13": 560.1241520232297,
    "4, 14": 565.5903601258951,
    "4, 15": 570.7982466067202,
    "4, 16": 575.753066819196,
    "4, 17": 580.4459066193322,
    "4, 18": 584.8419922314299,
    "4, 19": 588.9550222033687,
    "4, 20": 592.8768087856847,
    "5, 0": 465.62888717288786,
    "5, 1": 475.4718350671917,
    "5, 2": 485.04454304160254,
    "5, 3": 494.4352453984788,
    "5, 4": 503.56090059273095,
    "5, 5": 512.2034387382589,
    "5, 6": 520.3638522191779,
    "5, 7": 528.0761202620862,
    "5, 8": 535.3793429207776,
    "5, 9": 542.3061354990272,
    "5, 10": 548.8823926762753,
    "5, 11": 555.1302371427538,
    "5, 12": 561.069877710811,
    "5, 13": 566.7198349154635,
    "5, 14": 572.0962205937501,
    "5, 15": 577.2111991650603,
    "5, 16": 582.0696700095978,
    "5, 17": 586.6625152746027,
    "5, 18": 590.9555017742946,
    "5, 19": 594.8772943347369,
    "5, 20": 598.31887681662,
    "6, 0": 473.47227891515536,
    "6, 1": 483.0449193320135,
    "6, 2": 492.43561743476204,
    "6, 3": 501.5612892776535,
    "6, 4": 510.348474584491,
    "6, 5": 518.8990935759233,
    "6, 6": 526.9508827119878,
    "6, 7": 534.5481758700691,
    "6, 8": 541.7374414505664,
    "6, 9": 548.5545698578592,
    "6, 10": 555.0256634500897,
    "6, 11": 561.1715915751272,
    "6, 12": 567.0110431180863,
    "6, 13": 572.5612970904798,
    "6, 14": 577.8375632423716,
    "6, 15": 582.8512940769733,
    "6, 16": 587.6067759629101,
    "6, 17": 592.0945492740464,
    "6, 18": 596.2808585088103,
    "6, 19": 600.0965212835422,
    "6, 20": 603.4369915465006,
    "7, 0": 481.0452480601983,
    "7, 1": 490.43596314189614,
    "7, 2": 499.56161590598936,
    "7, 3": 508.34884563037474,
    "7, 4": 516.8994768367568,
    "7, 5": 525.1457751919098,
    "7, 6": 533.0648704782596,
    "7, 7": 540.5216456040492,
    "7, 8": 547.5721694371116,
    "7, 9": 554.2570978720172,
    "7, 10": 560.6034790306236,
    "7, 11": 566.6311355941134,
    "7, 12": 572.3571525024164,
    "7, 13": 577.7973535917378,
    "7, 14": 582.96579805431,
    "7, 15": 587.8730149084573,
    "7, 16": 592.5225543959563,
    "7, 17": 596.9045782825663,
    "7, 18": 600.9857726727083,
    "7, 19": 604.6989092213937,
    "7, 20": 607.9433846999478,
    "8, 0": 488.43626917483687,
    "8, 1": 497.56188539041307,
    "8, 2": 506.3491593898344,
    "8, 3": 514.8997936410599,
    "8, 4": 523.1461473716399,
    "8, 5": 531.0652465471505,
    "8, 6": 538.8032929213131,
    "8, 7": 546.0995072161477,
    "8, 8": 552.991179864035,
    "8, 9": 559.525047454265,
    "8, 10": 565.7299058778897,
    "8, 11": 571.624895233373,
    "8, 12": 577.2255804779738,
    "8, 13": 582.5462756433277,
    "8, 14": 587.5997949754831,
    "8, 15": 592.3956772875443,
    "8, 16": 596.9367328505259,
    "8, 17": 601.212789647692,
    "8, 18": 605.1909862624676,
    "8, 19": 608.8058683351985,
    "8, 20": 611.9602318024139,
    "9, 0": 495.56208218509596,
    "9, 1": 504.3494196323876,
    "9, 2": 512.9000413656496,
    "9, 3": 521.1464557822794,
    "9, 4": 529.0655587624453,
    "9, 5": 536.8036599681777,
    "9, 6": 544.2289328340534,
    "9, 7": 551.3509682463826,
    "9, 8": 558.0693237660821,
    "9, 9": 564.4378090392266,
    "9, 10": 570.4877354858079,
    "9, 11": 576.2380388550542,
    "9, 12": 581.7030029841593,
    "9, 13": 586.8955270972843,
    "9, 14": 591.827218818375,
    "9, 15": 596.5066679881667,
    "9, 16": 600.9360149411553,
    "9, 17": 605.1048401014075,
    "9, 18": 608.9807766936866,
    "9, 19": 612.5000248772183,
    "9, 20": 615.5683613350196,
    "10, 0": 502.3496105630279,
    "10, 1": 510.9002168438494,
    "10, 2": 519.1466974793823,
    "10, 3": 527.0657998549558,
    "10, 4": 534.8039653644123,
    "10, 5": 542.2292919448923,
    "10, 6": 549.3799591620838,
    "10, 7": 556.3201901611573,
    "10, 8": 562.8562452208735,
    "10, 9": 569.0496314232935,
    "10, 10": 574.9348345844936,
    "10, 11": 580.5311172588112,
    "10, 12": 585.8518350956562,
    "10, 13": 590.9086844178219,
    "10, 14": 595.7122017760989,
    "10, 15": 600.2701383883009,
    "10, 16": 604.584072906344,
    "10, 17": 608.6434385472455,
    "10, 18": 612.4164183625841,
    "10, 19": 615.8408016591504,
    "10, 20": 618.8250694333296,
    "11, 0": 508.90032279723437,
    "11, 1": 517.1468690628412,
    "11, 2": 525.0659662058655,
    "11, 3": 532.8042016803975,
    "11, 4": 540.229591435142,
    "11, 5": 547.3803113077748,
    "11, 6": 554.3205434676065,
    "11, 7": 561.034936777566,
    "11, 8": 567.3841628250889,
    "11, 9": 573.3966528067645,
    "11, 10": 579.110590489735,
    "11, 11": 584.5460948954933,
    "11, 12": 589.7160074381488,
    "11, 13": 594.6311049407758,
    "11, 14": 599.3010460990117,
    "11, 15": 603.7328901641923,
    "11, 16": 607.927777631749,
    "11, 17": 611.8750956246348,
    "11, 18": 615.5436346912325,
    "11, 19": 618.8727432569574,
    "11, 20": 621.7734367201978,